Lautaro Valentin,Fornerón,23772524,1980-02-10,9955
Ciro,Hernández,37187440,1991-08-10,3837
Lautaro Emanuel,Fornerón,22379381,1989-12-14,1570
Thiago Benjamin,Sánchez,30375660,1983-06-27,8812
Luis Fernando,Mora,22870764,1997-12-23,8189
Maria,Rómulo,25276748,1999-01-05,3186
Alvaro,Pinedo,36007537,1993-10-01,1148
Candela Abigail,Villalba,33422230,2002-12-16,8902
Joaquin Alejandro,Rosso,23010600,1994-03-13,7651
Genaro,Rotundo,34590274,1993-04-20,3329
Magdalena,Nari,27877317,1980-06-12,29
Agustin Alejandro,Galán,28753437,2004-08-05,3544
Santiago Valentin,Sorbera,28374354,2004-01-06,6331
Santiago Emanuel,Maradona,24335578,1981-11-02,3860
Santiago Joaquin,Giménez,26678784,1992-09-08,2275
Martin Alejandro,Mamani,23763171,2001-05-29,575
Thiago Nahuel,Salvador,24889099,1992-08-16,4825
Mateo Benjamin,Rómulo,38353171,1986-12-19,8798
Franco Gabriel,Castillo,20308465,1994-06-23,3133
Facundo Agustin,Silva,25151560,1998-12-06,4701
Lautaro Sebastian,Borges,22030488,1992-11-11,5625
Milagros Soledad,Pérez,25938846,1981-03-27,2460
Ana Laura,Díaz,25737316,1985-09-18,5758
Lautaro Martin,Castillo,32653681,1999-07-31,767
Celeste Abigail,Goicochea,39784975,1999-12-31,8821
Nicole,Gómez,34686518,1981-05-24,5681
Abril Agustina,Hidalgo,24680170,1994-10-04,2234
Nicolas Alejandro,Mamani,30189094,1981-06-05,8986
Lucas Daniel,Sala,27761215,1980-04-28,7465
Micaela Belen,Saldaña,30097033,2001-08-02,7286
Chiara,Varela,26127576,2001-08-05,1907
Victoria Abril,Sánchez,20781570,1980-08-11,1142
Manuela,Carranza,30114648,1989-08-25,6996
Ulises,Espinoza,27616647,2002-09-11,2941
Franco David,Nessi,22719444,1999-04-12,5207
Santiago David,Casares,33103090,2002-01-21,6113
Tomás Valentin,Rotman,24971709,1996-03-29,9631
Gonzalo Nicolás,Giménez,29158373,2002-06-02,8790
Uriel,Salazar,36428169,1981-02-12,7191
Joaquin Nicolas,Mancuso,23531159,1984-05-16,1833
Thiago Valentin,Raimundo,33392440,2003-04-08,4049
Román,Lorenzo,21063480,1991-08-02,2549
Luciano Gabriel,Rodríguez,21756777,1997-03-07,3591
Camila Aylen,Fava,35865429,2002-03-29,3167
Mia Valentina,González,23296947,2004-03-10,1357
Thiago Ezequiel,Rómulo,22798999,1997-01-15,1506
Fiorella,Casas,33725336,1984-04-07,8159
Celeste,Silva,38002850,2001-10-23,5131
Avril,Nari,39779412,1989-03-17,3742
Luciano Nicolas,Maradona,37443724,1999-04-24,6317
Valentina Aylen,Salvador,31402588,1987-01-27,6397
Martina Belen,Sosa,35092370,2003-01-01,9574
Tomás Alejandro,Huergo,23655068,1991-02-25,6087
Martin Ezequiel,Maradona,31328438,1981-07-02,6579
Luciano Agustin,Huergo,20915394,1981-02-04,473
David,Rivas,30289534,2002-11-23,3951
Mateo Agustin,Sojero,28637419,1996-08-17,6304
Candela Belen,Vera,37859845,1981-08-31,919
Franco Leonel,De Luca,29811656,1980-11-02,2807
Kevin,Salazar,30210039,2003-09-12,6370
Ludmila Ayelen,Mora,32401728,1999-11-14,3529
Abril Valentina,Lorca,20507323,1993-02-01,1553
Felicitas,Abadía,33955900,1996-10-03,5990
Camila Ayelen,Nessi,23367206,1999-11-13,193
Marcos Gabriel,Rotman,28284482,1999-04-21,5881
Nahuel Agustin,Zambrano,22919077,1989-11-11,929
Julieta Valentina,Basile,31542673,1991-12-21,2510
Candela Agustina,Reyes,34876408,2000-06-14,7803
Kevin Ezequiel,Díaz,27986871,1993-06-30,1117
Luciano Ezequiel,Contreras,33558935,1980-10-20,359
Andres,Totora,20530745,1984-10-13,1821
Leonel Agustin,Álvarez,31983361,1985-11-24,9141
Ian,Rotman,35830929,1980-11-30,6548
Braian Ezequiel,Abadía,24170778,1988-04-06,8235
Valentina Milagros,Leiva,39282648,2001-03-01,235
Rocio Milagros,Leiva,28485797,1985-01-30,5296
Axel Uriel,Vasile,38985337,1984-02-19,8423
Milagros Ailén,León,21157253,2001-10-25,4608
Fausto,Hernández,26944491,1983-04-25,997
Tadeo,Rivera,37948170,1998-09-14,3092
Daniel Alejandro,López,25576547,1988-04-08,9257
Axel Nahuel,Salem,34428448,1991-08-08,761
Camila Agustina,Schapira,30004522,1984-11-16,670
Luz Milagros,Lorca,24081714,1994-03-28,5025
Luana,Rojas,23429112,1980-11-01,7079
Matias Leonel,Scanone,28166653,1985-09-13,2195
Ornella,Benítez,22295506,1999-12-22,4390
Enzo,Arellano,32846747,1980-01-07,12
Brian Ezequiel,Arellano,28627003,1998-08-31,2423
Ludmila Belen,Fornerón,27661797,1994-03-29,4246
Belen,Giménez,36202287,1985-07-31,3062
Gaspar,Mejía,36677266,2001-07-10,9289
Lionel,Sorbera,28393866,1998-08-02,5249
Uma,Marino,23595389,1983-03-07,8318
Nicolas Gabriel,González,38285965,1997-08-18,7438
Oriana,Sotomayor,39127251,1992-02-09,5297
Ignacio Gabriel,Mejía,30608870,1980-06-24,9569
Justina,Álvarez,27223636,1981-10-22,9033
Sofia Magali,Santos,26309775,1996-09-28,5881
Lucas Martin,Castro,26771905,1984-07-02,378
Alexander,Carranza,23619104,1992-01-17,7035
Ignacio Joaquin,Castillo,33248577,1984-07-04,3782
Leandro,De León,28304786,1994-09-19,7732
Sofia Micaela,Huarte,26378353,1984-06-15,246
Luz Maria,Nave,24179736,1982-11-30,7954
Matias Benjamin,Borges,26950702,1992-04-01,4882
Rosario,Gonzales,28760754,1991-12-27,4822
Axel Leonel,Sojero,35810630,1989-06-09,4915
Candela Abril,Martínez,35814636,1986-07-13,994
Gonzalo Agustin,Reyes,25961101,1983-05-30,5337
Rodrigo Nicolás,Santos,33281380,1990-03-07,2551
Thomas,Leiva,32122201,2001-11-22,5495
Ana Clara,Farina,29882771,1989-08-03,5175
Fabricio,Arellano,20894139,1993-03-12,4692
Brisa Abigail,Vargas,24403596,1990-04-25,6140
Axel,Contreras,32942416,1988-03-17,226
Maria Del Pilar,Zambrano,27105577,1990-04-18,2735
Gianluca,Basile,32455814,1998-10-07,7316
Fermín,Ibáñez,35544824,1981-11-30,5860
Iara,Surace,20690872,2002-06-09,4622
Tomas Gabriel,Reyes,28478549,1981-07-20,3526
Julieta Belen,Portillo,35434745,1980-03-11,6815
Lautaro David,De Luca,37072403,1999-03-01,7635
Axel Fernando,Carrizo,25974600,1986-12-25,133
Sofia Victoria,Hidalgo,25258348,1984-12-10,4397
Ambar,Martínez,21949173,1995-01-31,2105
Pablo Ezequiel,Soto,28355348,1998-12-21,5500
Juan Andres,Rojas,38814491,2001-02-25,7813
Ana Belen,Álvarez,24665182,1994-08-19,809
Sofia Aylen,Salvador,33444842,1980-08-26,2480
Alan Gabriel,Nave,29493482,1990-01-22,9229
Lucas Leonel,Casas,30570664,1997-11-05,6567
Maximiliano Ezequiel,Pedone,24113772,1993-12-16,6004
Camila Abigail,Gutiérrez,26165448,1987-01-18,6437
Candela Valentina,Rojas,21563249,1999-01-29,8975
Nahuel Alejandro,Loreto,33966663,1981-01-27,7883
Gabriel Agustín,Sberna,37160944,1993-04-08,3670
Benjamín Ezequiel,Contreras,32886684,1986-02-05,4058
Matias Daniel,Flores,32735996,1994-11-11,79
Lucas Ariel,Mamani,21073902,1999-05-24,8097
Tomas Ignacio,Sotomayor,24407139,1995-03-20,9189
Alan Ezequiel,Rotman,30716271,1990-10-24,4768
Sara,Mancuso,26022131,1989-02-16,7915
Camilo,Portillo,34623187,1985-11-28,1735
Agustina Micaela,Rosso,24345499,1984-03-14,2597
Facundo Daniel,Quispe,34389428,1995-07-10,9180
Lourdes Valentina,Pedone,35550669,1981-12-26,3150
Gaston,Fazzi,37309635,2002-05-16,7509
Francisco Javier,Duarte,22989991,1980-12-20,752
Candela Milagros,Rómulo,34919309,1984-11-16,5362
Sofia Milagros,Benítez,29427095,1990-04-27,952
Maria Candela,Martínez,22742507,1983-01-17,6414
Lucas Emanuel,Mejía,30111301,1994-07-03,3028
Fernando Jose,Delgado,20083127,1993-07-01,1537
Daniel,Pineda,36857888,1981-02-28,3609
Nazareno,Marchi,20147456,1980-05-05,7626
Florencia Belen,Rosso,21555386,1984-07-07,7964
Mateo Ezequiel,Totora,23862075,1984-05-26,3744
Luciana Belen,Fazzi,31458330,1989-12-31,378
Benjamin Alejandro,Pinedo,34794365,1989-12-15,6078
Matias Ariel,González,25494378,1982-06-02,5095
Brisa Aylen,Carranza,39727908,1998-08-22,3284
Santiago Alejandro,Sorbera,34602147,1990-05-09,917
Virginia,Reyes,30072301,1985-01-21,265
Facundo Ariel,Sosa,29256758,1990-03-25,6749
Martina Abril,Abadía,33864511,1985-02-23,304
Tobias Ezequiel,Rojas,30255894,1995-01-12,7757
Macarena,Salvador,22650994,1992-03-03,2843
Ariana,Galán,28689132,1994-03-23,6316
Thiago Gabriel,Nessi,21702803,1985-07-18,3688
Lautaro Alejandro,Gutiérrez,38735690,1989-03-01,6018
Lautaro Uriel,Mamani,35050292,1987-08-22,6096
Ines,Fava,33104418,2003-01-15,9091
Ariel,Vera,34975317,1983-07-15,6169
Maria Josefina,Santana,21080077,1997-07-03,3983
Patricio,Marín,22779692,1996-04-25,7236
Gonzalo Gabriel,Pinedo,32542174,1986-03-25,8344
Lucas Nicolas,Lorenzo,25405969,2004-01-27,2431
Maria Fernanda,López,24809537,1986-05-20,2584
Rafael,Borges,27416003,1993-09-28,6051
Rodrigo Nahuel,Reyes,26670764,1996-12-25,2061
Luisana,Vasile,35618786,1981-01-27,5621
Leonel Alejandro,Fornerón,33544723,1994-01-07,8731
Rocio Abigail,Carranza,33286486,1991-03-02,9469
Gino,De León,38350062,1982-01-28,3379
Joaquina,Rotundo,30191671,1980-03-05,6411
Marco,Sorbera,36486908,1988-08-30,6038
Lautaro Javier,Mamani,35759000,1986-07-25,3893
Celina,Valenzuela,37019568,1991-08-14,7281
Ludmila Aylen,Huergo,39442297,1985-07-25,1196
Alexis Ezequiel,Salvador,22117444,1998-03-04,6725
Thiago Joaquin,De León,34941522,1999-06-06,6077
Alexis Gabriel,García,30212245,1992-01-04,8185
Federico Agustin,Hernández,26618002,1998-07-23,2798
Lara Valentina,Rodríguez,27162434,1996-01-03,6076
Florencia Agustina,Huarte,29434471,1980-09-09,2008
Maria Pilar,Salamone,30456008,2000-04-07,8700
Santiago Andres,Arellano,37782041,1986-06-03,4171
Camila Milagros,Álvarez,24249540,2001-04-07,3164
Franco Daniel,Quispe,28443880,1995-06-13,4681
Marcos Agustin,Portillo,25773719,1997-07-11,6043
Ana Lucia,Rómulo,25270956,1988-05-29,1201
Thiago Uriel,Sotomayor,22098577,2004-05-12,2063
Santiago Javier,Varela,36481771,2000-07-21,9365
Marco Antonio,Raimundo,21325267,1999-02-08,1510
Ana Luz,Duarte,39105340,1982-04-26,4677
Rodrigo Sebastian,Villalba,35464616,1995-10-24,4381
Maria Paula,Mamani,36626164,1991-07-03,5718
Rocio Micaela,Vera,38833167,1989-11-06,4746
Camila Abril,González,22647946,1999-11-06,7773
Milagros Guadalupe,Carrizo,27307446,1993-06-25,5177
Valentina Magali,Maradona,34320244,1980-09-26,2126
Kevin Nahuel,Rivas,22403124,1993-10-15,7664
Francisco Nicolas,Varela,39381809,1996-11-26,8750
Micaela Ayelen,Rivera,21427107,1981-11-18,6997
Maria Del Rosario,Muñoz,32460187,2000-10-31,7064
Martin Nicolas,Goicochea,23806381,1987-09-14,9882
Federica,D'Elia,34592858,1982-08-16,100
Facundo Tomas,López,21836697,1982-11-20,7400
Santiago Uriel,Rotman,31582294,1992-07-10,6924
Carlos Daniel,Marín,39099617,2003-04-23,146
Lucas Sebastian,Mora,25497278,1986-07-17,4507
Axel Ezequiel,Sosa,21155814,1987-02-15,4291
Mateo Joaquín,Schapira,22442486,1994-11-07,9108
Leandro Ezequiel,Fava,28903544,2002-01-31,8788
Ludmila Milagros,Santos,22671005,1987-03-19,1489
Lautaro Ariel,Borges,36960878,1998-11-12,6640
Diego,Jiménez,33385363,1997-11-04,4567
Julio Cesar,Huergo,24040314,1996-02-07,2714
Vicente,López,30699696,2000-02-17,8944
Francisca,Agüero,30405991,1991-11-01,4700
Mariana,Sotomayor,29698989,1988-03-14,7289
Luis Alberto,Lorca,34098384,1984-10-09,4601
Rocio Ayelen,Sberna,28439467,2000-07-03,8412
Fernando,Demichelis,36983472,1994-07-16,1445
Ema,Ibáñez,21230464,2001-12-18,31
Alexis Nahuel,Casas,29537427,1985-06-18,259
Ignacio Ezequiel,Rosso,26457034,1996-03-14,1623
Milagros Lujan,Pineda,37350743,1992-03-16,4413
Kevin Agustin,Castro,31317089,2000-10-22,7882
Facundo Leonel,Gonzales,27859191,1994-09-26,6459
Abril Agostina,D'Elia,31241243,2003-03-06,9555
Maite,Arellano,36337245,1987-02-04,2737
Sebastian Alejandro,Rebollo,22919888,2002-09-25,9416
Dylan Ezequiel,De León,37166056,1993-09-21,7794
Maria Constanza,Rivas,25302147,1983-07-11,3118
Maximiliano Gabriel,Valenzuela,25152411,1996-04-17,5115
Daniela,Huarte,36553527,1995-08-12,5406
Lucas Benjamin,De Luca,23288362,1984-06-27,6668
Lautaro Jesús,Ibáñez,23685529,1987-11-30,2356
Lucas Joaquin,Santana,31463885,1995-12-20,1163
Thiago Leonel,García,36250522,1999-12-31,5515
Axel Daniel,Casares,29616998,1986-08-19,5663
Azul,Vasile,28301292,1993-01-25,2657
Sofia Abril,Pedone,30602272,1984-06-30,6091
Milagros Micaela,Rotman,21187336,1992-04-24,5716
Milagros Magalí,Giordano,35319663,2000-09-12,564
Maria Lucia,Marini,23353526,2001-12-09,9112
Marcos Ezequiel,Hernández,20608204,2003-09-03,8373
Lucas David,Hernández,20756515,1999-11-12,7711
Axel Agustín,Salem,37761534,1989-05-08,281
Gonzalo Nahuel,Martínez,22893159,1997-04-29,7223
Thomas Agustin,Mancuso,38417512,1993-03-06,5199
Franco Tomas,Rivas,28217631,1983-08-20,5167
Florencia Abigail,Mamani,27319269,1993-05-31,4019
Maximo Agustin,Ramírez,26553112,1993-10-27,6371
Camila Soledad,Casares,32870500,1987-01-25,2009
Luciano Benjamin,Pineda,32504315,2004-03-28,4347
Bautista Nicolas,Pérez,30584982,2000-04-16,7263
Fabrizio,Valenzuela,23881625,1981-01-04,9589
Alfonsina,Soto,23766895,1985-06-15,3444
Lautaro Exequiel,Varela,33943033,1994-04-20,9967
Leonardo,Martínez,25453845,1981-08-03,1787
Mateo Valentin,González,20975041,1994-08-08,3778
Juan Agustin,Rotundo,28394882,1987-05-16,825
Brisa Ayelen,Amenedo,39828174,1993-06-09,261
Laureano,Farías,21867974,1998-11-24,5957
Lautaro Damian,Fernández,31396342,1997-05-20,182
Leandro Nicolas,Santana,29524788,2003-05-18,8276
Matias Sebastian,González,23162461,1996-09-05,5750
Francisco Agustin,Salvador,33139702,2003-09-03,704
Carola,Sorbera,24433180,2004-02-19,4843
Elias,Castro,38282168,2001-06-16,3913
Rocio Guadalupe,Vera,20644509,1999-02-11,569
Ignacio Benjamin,Casas,37569760,1980-02-05,9094
Maria Laura,Giordano,35183387,2000-05-13,6115
Facundo Emanuel,Abadía,35743099,2003-01-27,7495
Facundo Martin,Pereyra,30840989,2003-01-25,8946
Pablo Agustín,Scanone,23786925,1994-03-16,4079
Agustina Milagros,Arellano,21137017,1982-03-08,1163
Valentina Jazmin,Totora,35125134,1984-01-18,1815
Sofia Ailen,González,39476012,1995-03-08,9566
Florencia Magali,Pavón,31815973,1989-01-07,1251
Valentina Guadalupe,Hoffmann,28882028,1983-08-06,7353
Kevin Nicolas,Sojero,21197454,1998-11-17,2312
Ana Sofia,Varela,27398836,1999-11-29,1232
Aylen,Fava,22546993,1981-05-15,4763
Thiago Lionel,Rotundo,36635799,1985-10-08,2423
Franco Emanuel,Rosso,29868035,2003-08-06,3266
Eugenia,Salamone,27872653,1992-08-17,3407
Rocio Magali,Rómulo,38093417,1982-10-10,3534
Valentina Luján,Contreras,26214597,1990-09-06,7216
Federico Nicolas,González,23554625,1983-07-02,5244
Morena Abril,Maradona,33210022,1994-10-15,8037
Candela Magali,Rotman,32599704,1997-10-07,9677
Aldana,Pedone,29647634,1984-06-04,6024
Elias Ezequiel,Marini,25003324,1981-02-15,1201
Tobias Benjamin,León,39530732,1984-08-22,5278
Leandro Agustin,Rebollo,31406561,1980-08-27,7633
Tomas Nahuel,D'Elia,33397895,1996-08-15,9226
Esteban,Pereira,24479788,2004-06-02,1686
Tobias Agustin,Sorbera,28906350,1983-11-12,9058
Matías Emanuel,Arredondo,21292165,1994-05-21,3297
Lucas Santiago,Galán,22199278,1994-01-06,1015
Sofia Guadalupe,Marchi,35226018,1981-09-09,9185
Ernestina,Gómez,34851899,1986-06-14,1296
Iñaki,Marín,28994786,1995-08-13,7274
Julieta Abril,Nave,24838143,2002-05-16,1083
Valentina Ayelen,De León,25948717,1990-10-25,9568
Santino Nicolás,Rivas,28383764,1992-07-09,1420
Cristian Gabriel,Pavón,21631616,1988-12-02,6927
Tatiana Abigail,García,25324304,1997-11-04,6936
Giuliano,Goicochea,38122114,2001-01-04,5481
Jose Manuel,Gonzales,33438213,1982-06-18,8568
Santiago Ivan,Delgado,37138498,1984-12-28,9152
Rodrigo Agustín,Loreto,38654404,1981-01-11,6889
Milagros Agostina,Nessi,29227488,1980-06-30,1013
Ezequiel Alejandro,De Luca,35104717,1994-12-28,1482
Jeremias Ezequiel,Sojero,26654042,2001-08-26,3217
Maria Agostina,Jiménez,33082320,1995-10-03,9837
Nahiara,Nave,39966996,2001-05-04,4961
Valentina Soledad,Sojero,30323320,2002-10-22,3100
Alan,Santos,32064414,2000-05-31,4737
Candela Agostina,Arredondo,30829636,1991-01-17,8841
Abril Milagros,Salem,36338419,1994-09-10,3898
Mercedes,Maradona,23066352,1997-11-26,1421
Axel Nicolás,Vera,34372067,1988-02-19,907
Santiago Jose,Carranza,22814293,1997-09-11,4232
Juan Pedro,Espinoza,22797539,1987-10-25,7853
Agustin Gabriel,Schapira,21260731,1996-03-28,5388
Rocio Aylen,Benítez,21091866,1982-06-17,9722
Carmela,Rosso,33199556,1983-01-28,2007
Joaquin Andres,Casares,25595397,2001-04-06,835
David Ezequiel,Arellano,39953680,1986-05-12,239
Sofia Abigail,Díaz,25993656,1990-04-14,238
Joaquin Gabriel,Mejía,32535267,1994-10-30,331
Ludmila Magali,Sosa,26443643,1988-07-26,9119
Francisco Jose,Rotman,20846118,1983-12-05,211
Nazarena,Rojas,25393962,1980-02-08,5655
José Antonio,Nari,20132614,1993-05-28,8425
Luis Miguel,Rotundo,21050712,1992-12-04,8036
Ivan Ezequiel,Valenzuela,25477874,1996-10-07,8358
Agustina Soledad,Carrizo,38013089,1980-06-07,6112
Baltazar,Saldaña,29813767,2000-11-21,3846
Jonathan Ezequiel,D'Elia,34109631,2000-11-28,6647
Teo,Mora,38277362,2002-08-23,7011
Sebastian Ezequiel,Leal,20923566,1983-07-06,7368
Tatiana Belen,Vasile,29909545,2000-11-04,2501
Lautaro Lionel,Maradona,22854942,1989-09-13,5812
Angel David,Borges,31090368,1986-03-19,7190
Ignacio Martin,Rodríguez,34114410,2004-05-22,6434
Luis Alejandro,Rosso,37811668,1983-05-25,3321
Priscila Ayelen,Pedone,25717808,1982-05-03,289
Maria Candelaria,Vasile,35403131,1993-04-07,7067
Rocio Valentina,Sala,28471334,1987-05-22,1488
Ramiro Agustin,Martínez,34614916,1986-01-01,6683
Alexis,Sánchez,22759706,1997-07-04,5046
Jose Maria,Amenedo,35580038,1990-03-03,2933
Carlos Gabriel,Rotundo,24128226,2003-09-09,5877
Thiago Martin,Galán,26295976,2000-10-12,1053
Bruno Nicolas,Salem,30646580,2001-10-27,1252
Luciana Valentina,Delgado,25440415,2002-07-10,9063
Sofia Antonella,Leiva,26729592,1982-10-28,9332
Priscila Belen,Nave,28312660,1982-08-05,258
Uriel Alejandro,Zambrano,25951661,1989-05-24,107
David Alejandro,Contreras,22817299,1980-10-01,3987
Iara Valentina,Farina,29883432,1985-05-24,1252
Priscila Aylen,Surace,36868704,2001-06-06,4819
Franco Sebastian,García,20347594,2001-04-28,9902
Agustina Aylen,González,35390632,1981-05-14,5694
Camila Ailen,Raimundo,35325984,2004-01-19,2780
Agustina Abigail,Muñoz,39339162,1985-09-18,9515
Dylan Gabriel,Rosso,33114293,1999-02-05,5449
Alejo Nicolas,Rotman,36867114,1986-07-31,889
Micaela Agustina,Marín,22796610,1994-05-26,2329
Leandro Gabriel,Valenzuela,28415776,1986-08-23,3588
Dolores,Espinoza,31891418,2000-11-03,5434
Kevin Daniel,Mejía,29279056,1996-05-22,5551
Maria Lourdes,Martínez,32099278,1990-08-20,83
Elias Gabriel,Hidalgo,24827875,2000-04-17,9054
Francesco,Mora,22101686,1989-05-08,9170
Rocco,Sorbera,27951582,1980-03-11,755
Dylan Uriel,Godoy,24919438,1989-03-04,5392
Brisa Milagros,Hernández,35593030,1987-03-22,7153
Bianca Valentina,Villalba,35362162,1982-12-28,5358
Marcos Antonio,Giménez,35469919,1985-01-20,5478
Tomas Joaquin,García,36982149,1985-02-27,1524
Gonzalo Sebastian,Santana,32460954,2001-05-02,9572
Tomàs Ariel,Agüero,25900915,1999-12-15,9688
Axel David,Casas,37288392,1982-09-30,2092
Agostina Belén,Mancuso,24866001,1996-02-13,7923
María Magdalena,Flores,22800639,1990-01-04,1260
Lourdes Abril,Sala,28131007,1987-09-29,7517
Juanita,Espinoza,29825364,1997-07-24,2722
Agustina Ayelen,Rotundo,30165261,1995-12-26,656
Geraldine,Nave,32891708,1997-01-03,1446
Irina,Marino,26198602,1998-08-13,1388
Ramiro Nicolas,Portillo,26733054,1986-10-25,3308
Mateo Gabriel,Sorbera,22431018,1980-07-05,2443
Milagros Anahi,Reyes,39848875,2002-05-10,3727
Iara Abigail,Espinoza,22962949,1984-01-25,4071
Candela Jazmin,Marchi,32527847,2002-12-05,4851
Bruno Ezequiel,Arredondo,28747503,1998-08-08,9743
Brisa Magalí,Vasile,34013564,1997-09-03,4847
Francisco Tomas,Demichelis,30148317,2000-09-02,5553
Tomas Emanuel,Mamani,29617101,2001-10-23,2541
Joaquin Uriel,Amenedo,35519506,1980-03-15,2485
Maria Delfina,Gutiérrez,25980427,1980-08-25,4116
Barbara,Godoy,31148846,1983-03-01,5152
Santiago Ismael,Pedone,21537048,1994-04-27,330
Tobias Uriel,Martínez,37894466,2000-06-23,922
Ludmila Abril,Valenzuela,39390304,1995-05-20,7270
Leandro Nahuel,Ramírez,38363119,2002-07-28,2411
Cristian,Espinoza,39256309,1990-01-28,808
Julieta Magali,Mejía,32992102,1982-11-20,6544
Fátima,Totora,24470986,1995-11-19,8765
Facundo Sebastian,Raimundo,24894174,1983-08-20,506
Gianfranco,Nari,20157984,1989-05-31,9961
Fernando Gabriel,Gutiérrez,30797565,1998-06-13,4511
Thiago Tomas,Vasile,24166102,2000-04-11,7848
Alejandro Gabriel,Fernández,28883604,1987-10-01,9476
Sofia Agustina,Vera,34700129,1995-11-23,1943
Agustina Abril,Agüero,21818667,1986-12-06,1556
Lucia Milagros,Galán,34601035,1988-02-09,2530
Maia Valentina,Soto,39383629,1981-08-26,5630
Araceli,Sánchez,21355085,1982-09-01,4540
Agustina Magali,Fornerón,34703755,1980-12-17,4238
Morena Abigail,Basile,37314297,1994-03-20,1640
Gonzalo Daniel,Sánchez,37595016,1980-07-20,772
Faustino,Gómez,30284441,2004-02-09,5612
Valentina Micaela,Saldaña,25385407,1982-03-16,9881
Ignacio Valentin,Rotman,26665459,1980-03-30,1533
Maria De Los Milagros,Raimundo,23405435,1996-02-07,1889
Brian Nahuel,Silva,39306466,2004-04-19,8809
Lautaro Andrés,Rivas,20457382,1998-10-09,5688
Dylan Agustin,Martínez,24121676,1983-02-09,8978
Fernando Ezequiel,Lorca,30930189,1981-03-03,6940
Lucas Alejandro,Jiménez,29022556,1991-12-19,2225
Milagros Antonella,Godoy,37323567,1993-07-16,6038
Alan Nahuel,Farías,38131687,1985-07-31,8477
Tobias Nahuel,Salem,35813205,1990-07-11,4
Joel,Rivera,25375138,1986-11-07,7453
Lucca,Abadía,37807900,1991-10-22,7097
Martin Ignacio,De León,23833631,1990-05-09,8617
Matias Joaquin,López,25385447,1985-09-03,9802
Nahuel Ezequiel,Silva,30202768,2002-03-19,2359
Milagros Rocío,Muñoz,25313831,1998-10-29,4339
Alejandro Ezequiel,Leal,21998858,1996-02-20,1022
Valentina Ailén,Rivera,30057981,1998-05-20,7742
Alejandro Daniel,Arredondo,29685695,1981-10-23,2783
